date,country,yield,yield_de,spread,spread_change_1m,spread_vol_3m
2019-01-01,ES,1.376,0.13,1.246,,
2019-02-01,ES,1.306,0.06,1.246,0.0,
2019-03-01,ES,1.134,0.01,1.1239999999999999,-0.12200000000000011,0.08626702730475887
2019-04-01,ES,1.049,-0.04,1.089,-0.03499999999999992,0.0628198482434759
2019-05-01,ES,0.873,-0.13,1.0030000000000001,-0.08599999999999985,0.043714985988788875
2019-06-01,ES,0.496,-0.31,0.806,-0.19700000000000006,0.08283115355951537
2019-07-01,ES,0.354,-0.39,0.744,-0.062000000000000055,0.0720208303201234
2019-08-01,ES,0.141,-0.65,0.791,0.04700000000000004,0.12223065627465698
2019-09-01,ES,0.18,-0.59,0.77,-0.02100000000000002,0.05505451843400324
2019-10-01,ES,0.203,-0.47,0.673,-0.09699999999999998,0.07203702751594718
2019-11-01,ES,0.386,-0.35,0.736,0.06299999999999994,0.08003332639178085
2019-12-01,ES,0.435,-0.3,0.735,-0.0010000000000000009,0.0805315673095546
2020-01-01,ES,0.42,-0.31,0.73,-0.0050000000000000044,0.03815756805667774
2020-02-01,ES,0.272,-0.47,0.742,0.01200000000000001,0.008888194417315375
2020-03-01,ES,0.523,-0.54,1.0630000000000002,0.3210000000000002,0.1835056765697818
2020-04-01,ES,0.824,-0.45,1.274,0.21099999999999985,0.15662162473085683
2020-05-01,ES,0.742,-0.516,1.258,-0.016000000000000014,0.17185168023618513
2020-06-01,ES,0.511,-0.434,0.9450000000000001,-0.31299999999999994,0.2627781066476682
2020-07-01,ES,0.371,-0.523,0.894,-0.051000000000000045,0.16231553632765208
2020-08-01,ES,0.293,-0.522,0.815,-0.07900000000000007,0.14386567809360698
2020-09-01,ES,0.272,-0.524,0.796,-0.018999999999999906,0.03002221399786096
2020-10-01,ES,0.167,-0.607,0.774,-0.02200000000000002,0.03380828300875428
2020-11-01,ES,0.093,-0.614,0.707,-0.06700000000000006,0.0268886593194979
2020-12-01,ES,0.039,-0.618,0.657,-0.04999999999999993,0.022722969289539457
2021-01-01,ES,0.075,-0.583,0.6579999999999999,0.0009999999999998899,0.03538832199092447
2021-02-01,ES,0.225,-0.446,0.671,0.013000000000000123,0.03345145736735567
2021-03-01,ES,0.308,-0.364,0.6719999999999999,0.0009999999999998899,0.006928203230276533
2021-04-01,ES,0.369,-0.325,0.694,0.02200000000000002,0.010535653752853352
2021-05-01,ES,0.519,-0.223,0.742,0.04800000000000004,0.023544284515214016
2021-06-01,ES,0.448,-0.288,0.736,-0.006000000000000005,0.027006172134039
2021-07-01,ES,0.331,-0.45,0.781,0.04500000000000004,0.03034798181098721
2021-08-01,ES,0.214,-0.539,0.753,-0.028000000000000025,0.0374477413649121
2021-09-01,ES,0.327,-0.363,0.69,-0.06300000000000006,0.05510293398117159
2021-10-01,ES,0.468,-0.206,0.674,-0.015999999999999903,0.024419937209856933
2021-11-01,ES,0.473,-0.312,0.7849999999999999,0.11099999999999988,0.0900129620295507
2021-12-01,ES,0.412,-0.383,0.7949999999999999,0.010000000000000009,0.06708949247087799
2022-01-01,ES,0.663,-0.115,0.778,-0.016999999999999904,0.06747098141670482
2022-02-01,ES,1.106,0.15,0.9560000000000001,0.17800000000000005,0.10565509926170152
2022-03-01,ES,1.218,0.282,0.9359999999999999,-0.02000000000000013,0.11345924378383639
2022-04-01,ES,1.685,0.745,0.9400000000000001,0.004000000000000115,0.10805554127392086
2022-05-01,ES,2.041,0.953,1.088,0.14800000000000002,0.09086253353280443
2022-06-01,ES,2.63,1.446,1.184,0.09599999999999986,0.0729200475406683
2022-07-01,ES,2.314,1.082,1.232,0.04800000000000004,0.05001333155602946
2022-08-01,ES,2.146,1.033,1.113,-0.119,0.11285536466350785
2022-09-01,ES,2.917,1.796,1.1209999999999998,0.007999999999999785,0.08719518335321058
2022-10-01,ES,3.293,2.186,1.1070000000000002,-0.013999999999999568,0.06786997372427185
2022-11-01,ES,3.065,2.066,0.9990000000000001,-0.1080000000000001,0.06161168720299765
2022-12-01,ES,3.088,2.085,1.0030000000000001,0.0040000000000000036,0.06014427099344848
2023-01-01,ES,3.204,2.192,1.012,0.008999999999999897,0.06615386106141767
2023-02-01,ES,3.385,2.37,1.0149999999999997,0.0029999999999996696,0.003214550253666225
2023-03-01,ES,3.433,2.383,1.0499999999999998,0.03500000000000014,0.0170098010962313
2023-04-01,ES,3.398,2.359,1.0390000000000001,-0.010999999999999677,0.02357965224510342
2023-05-01,ES,3.413,2.341,1.0719999999999996,0.032999999999999474,0.025999999999999912
2023-06-01,ES,3.398,2.377,1.0210000000000004,-0.05099999999999927,0.042015870017569484
2023-07-01,ES,3.49,2.457,1.0330000000000004,0.01200000000000001,0.04371498598878831
2023-08-01,ES,3.571,2.545,1.0260000000000002,-0.007000000000000117,0.032316146634976776
2023-09-01,ES,3.713,2.66,1.053,0.02699999999999969,0.017039170558842992
2023-10-01,ES,3.946,2.823,1.1230000000000002,0.07000000000000028,0.03858756276314981
2023-11-01,ES,3.646,2.602,1.044,-0.07900000000000018,0.07668767828015163
2023-12-01,ES,3.117,2.101,1.016,-0.028000000000000025,0.07572538103788837
2024-01-01,ES,3.175,2.175,1.0,-0.016000000000000014,0.033451457367355816
2024-02-01,ES,3.268,2.331,0.9369999999999998,-0.06300000000000017,0.024419937209856916
2024-03-01,ES,3.189,2.349,0.8399999999999999,-0.09699999999999998,0.04067349669420312
2024-04-01,ES,3.271,2.446,0.8249999999999997,-0.015000000000000124,0.04119870548128118
2024-05-01,ES,3.299,2.518,0.7810000000000001,-0.043999999999999595,0.04158124577258378
2024-06-01,ES,3.349,2.484,0.8650000000000002,0.08400000000000007,0.06711433031278291
2024-07-01,ES,3.275,2.458,0.8169999999999997,-0.04800000000000049,0.07508217720160595
2024-08-01,ES,3.069,2.208,0.8609999999999998,0.04400000000000004,0.06768554744798466
2024-09-01,ES,2.986,2.166,0.8200000000000003,-0.04099999999999948,0.0512152321092077
2024-10-01,ES,2.963,2.228,0.7349999999999999,-0.08500000000000041,0.06557692683660442
2024-11-01,ES,3.053,2.305,0.7479999999999998,0.0129999999999999,0.04908496035786688
2024-12-01,ES,2.886,2.178,0.7080000000000002,-0.03999999999999959,0.049054391580503405
2025-01-01,ES,3.173,2.484,0.6890000000000001,-0.019000000000000128,0.02668957349478133
2025-02-01,ES,3.1,2.405,0.6950000000000003,0.006000000000000227,0.023028967265888052
2025-03-01,ES,3.391,2.741,0.6499999999999999,-0.04500000000000037,0.02550163393458079
2025-04-01,ES,3.229,2.511,0.718,0.06800000000000006,0.056589162684504944
2025-05-01,ES,3.204,2.562,0.6420000000000003,-0.07599999999999962,0.07579138033664079
2025-06-01,ES,3.164,2.52,0.6440000000000001,0.0019999999999997797,0.07208328516376031
2025-07-01,ES,3.241,2.631,0.6100000000000003,-0.03399999999999981,0.03903844259188619
2025-08-01,ES,3.256,2.674,0.5819999999999999,-0.02800000000000047,0.01928730152198618
2025-09-01,ES,3.262,2.693,0.569,-0.0129999999999999,0.010816653826392703
2025-10-01,ES,3.147,2.617,0.5299999999999998,-0.039000000000000146,0.013051181300301994
2025-11-01,ES,3.173,2.657,0.516,-0.01399999999999979,0.0147309198626569
2025-12-01,ES,3.271,2.813,0.45799999999999974,-0.058000000000000274,0.022068076490714544
2026-01-01,ES,3.268,2.807,0.46099999999999985,0.0030000000000001137,0.03148015247739485
2026-02-01,ES,3.174,2.744,0.4299999999999997,-0.03100000000000014,0.030566866593312456
2019-01-01,FR,0.65,0.13,0.52,,
2019-02-01,FR,0.55,0.06,0.49000000000000005,-0.02999999999999997,
2019-03-01,FR,0.44,0.01,0.43,-0.06000000000000005,0.021213203435596486
2019-04-01,FR,0.37,-0.04,0.41,-0.020000000000000018,0.020816659994661355
2019-05-01,FR,0.3,-0.13,0.43,0.020000000000000018,0.040000000000000036
2019-06-01,FR,0.08,-0.31,0.39,-0.03999999999999998,0.030550504633038936
2019-07-01,FR,-0.07,-0.39,0.32,-0.07,0.04582575694955841
2019-08-01,FR,-0.34,-0.65,0.31,-0.010000000000000009,0.030000000000000006
2019-09-01,FR,-0.27,-0.59,0.31999999999999995,0.009999999999999953,0.04163331998932265
2019-10-01,FR,-0.16,-0.47,0.30999999999999994,-0.010000000000000009,0.01154700538379253
2019-11-01,FR,-0.02,-0.35,0.32999999999999996,0.020000000000000018,0.015275252316519505
2019-12-01,FR,0.04,-0.3,0.33999999999999997,0.010000000000000009,0.01527525231651951
2020-01-01,FR,-0.01,-0.31,0.3,-0.03999999999999998,0.032145502536643195
2020-02-01,FR,-0.18,-0.47,0.29,-0.010000000000000009,0.025166114784235843
2020-03-01,FR,-0.05,-0.54,0.49000000000000005,0.20000000000000007,0.13076696830622023
2020-04-01,FR,0.06,-0.45,0.51,0.019999999999999962,0.11357816691600552
2020-05-01,FR,-0.03,-0.516,0.486,-0.02400000000000002,0.11868164699452625
2020-06-01,FR,-0.04,-0.434,0.394,-0.09199999999999997,0.05642694391866346
2020-07-01,FR,-0.15,-0.523,0.373,-0.02100000000000002,0.04015387071420793
2020-08-01,FR,-0.17,-0.522,0.352,-0.02100000000000002,0.04099186911246333
2020-09-01,FR,-0.21,-0.524,0.31400000000000006,-0.03799999999999992,0.009814954576223582
2020-10-01,FR,-0.3,-0.607,0.307,-0.007000000000000062,0.015524174696259954
2020-11-01,FR,-0.32,-0.614,0.294,-0.013000000000000012,0.016441816606851296
2020-12-01,FR,-0.34,-0.618,0.27799999999999997,-0.016000000000000014,0.004582575694955814
2021-01-01,FR,-0.31,-0.583,0.27299999999999996,-0.0050000000000000044,0.005686240703077332
2021-02-01,FR,-0.15,-0.446,0.29600000000000004,0.023000000000000076,0.020108041509140948
2021-03-01,FR,-0.07,-0.364,0.294,-0.0020000000000000573,0.015373136743467
2021-04-01,FR,-0.01,-0.325,0.315,0.02100000000000002,0.013892443989449868
2021-05-01,FR,0.21,-0.223,0.433,0.118,0.06368935023481818
2021-06-01,FR,0.15,-0.288,0.43799999999999994,0.004999999999999949,0.0611473629848418
2021-07-01,FR,-0.01,-0.45,0.44,0.0020000000000000573,0.06612362159873983
2021-08-01,FR,-0.12,-0.539,0.41900000000000004,-0.020999999999999963,0.014224392195567917
2021-09-01,FR,0.04,-0.363,0.40299999999999997,-0.01600000000000007,0.012096831541082773
2021-10-01,FR,0.2,-0.206,0.406,0.003000000000000058,0.012662279942148455
2021-11-01,FR,0.1,-0.312,0.41200000000000003,0.006000000000000005,0.011930353445448943
2021-12-01,FR,0.05,-0.383,0.433,0.020999999999999963,0.009643650760992944
2022-01-01,FR,0.31,-0.115,0.425,-0.008000000000000007,0.01450287327853807
2022-02-01,FR,0.68,0.15,0.53,0.10500000000000004,0.0586884429281723
2022-03-01,FR,0.78,0.282,0.49800000000000005,-0.03199999999999997,0.07315964279118191
2022-04-01,FR,1.28,0.745,0.535,0.03699999999999998,0.06850060826980542
2022-05-01,FR,1.52,0.953,0.5670000000000001,0.03200000000000003,0.038475100173142276
2022-06-01,FR,2.06,1.446,0.6140000000000001,0.04700000000000004,0.007637626158259762
2022-07-01,FR,1.71,1.082,0.6279999999999999,0.01399999999999979,0.01652271164185845
2022-08-01,FR,1.69,1.033,0.657,0.029000000000000137,0.01652271164185844
2022-09-01,FR,2.41,1.796,0.6140000000000001,-0.04299999999999993,0.03798683982644515
2022-10-01,FR,2.77,2.186,0.5840000000000001,-0.030000000000000027,0.03837099599089578
2022-11-01,FR,2.58,2.066,0.5140000000000002,-0.06999999999999984,0.020404247923737188
2022-12-01,FR,2.62,2.085,0.5350000000000001,0.020999999999999908,0.04561067126598034
2023-01-01,FR,2.69,2.192,0.4979999999999998,-0.037000000000000366,0.04606878914550856
2023-02-01,FR,2.87,2.37,0.5,0.002000000000000224,0.029569128044860334
2023-03-01,FR,2.92,2.383,0.5369999999999999,0.03699999999999992,0.037018013633005026
2023-04-01,FR,2.9,2.359,0.5409999999999999,0.0040000000000000036,0.019655363983740667
2023-05-01,FR,2.94,2.341,0.5989999999999998,0.05799999999999983,0.027221315177632318
2023-06-01,FR,2.93,2.377,0.5530000000000004,-0.045999999999999375,0.052012818932771696
2023-07-01,FR,3.04,2.457,0.5830000000000002,0.029999999999999805,0.053814496188294404
2023-08-01,FR,3.11,2.545,0.565,-0.018000000000000238,0.038436094147731865
2023-09-01,FR,3.24,2.66,0.5800000000000001,0.015000000000000124,0.024556058315617437
2023-10-01,FR,3.45,2.823,0.6270000000000002,0.04700000000000015,0.03250128202599625
2023-11-01,FR,3.19,2.602,0.5880000000000001,-0.039000000000000146,0.04346646216720827
2023-12-01,FR,2.65,2.101,0.5489999999999999,-0.039000000000000146,0.04965212315030801
2024-01-01,FR,2.74,2.175,0.5650000000000004,0.01600000000000046,0.03175426480542976
2024-02-01,FR,2.85,2.331,0.5190000000000001,-0.04600000000000026,0.033955853692699677
2024-03-01,FR,2.82,2.349,0.47099999999999964,-0.04800000000000049,0.036386810797320986
2024-04-01,FR,2.97,2.446,0.524,0.05300000000000038,0.05774368652357922
2024-05-01,FR,3.03,2.518,0.512,-0.01200000000000001,0.05118919156749183
2024-06-01,FR,3.15,2.484,0.6659999999999999,0.15399999999999991,0.08364807230295263
2024-07-01,FR,3.14,2.458,0.6819999999999999,0.016000000000000014,0.0888669417350081
2024-08-01,FR,2.94,2.208,0.7319999999999998,0.04999999999999982,0.07189807600578288
2024-09-01,FR,2.9,2.166,0.734,0.002000000000000224,0.024684678108764638
2024-10-01,FR,2.99,2.228,0.762,0.028000000000000025,0.024027761721253277
2024-11-01,FR,3.09,2.305,0.7849999999999997,0.022999999999999687,0.013796134724383085
2024-12-01,FR,3.01,2.178,0.8319999999999999,0.04700000000000015,0.012662279942148623
2025-01-01,FR,3.32,2.484,0.8359999999999999,0.0040000000000000036,0.021548395145192082
2025-02-01,FR,3.15,2.405,0.7450000000000001,-0.09099999999999975,0.07061397406557234
2025-03-01,FR,3.43,2.741,0.6890000000000001,-0.05600000000000005,0.048045117684665115
2025-04-01,FR,3.26,2.511,0.7489999999999997,0.05999999999999961,0.07903796556086164
2025-05-01,FR,3.26,2.562,0.698,-0.05099999999999971,0.06557692683660385
2025-06-01,FR,3.24,2.52,0.7200000000000002,0.02200000000000024,0.05641217362709311
2025-07-01,FR,3.36,2.631,0.7290000000000001,0.008999999999999897,0.03894012497839889
2025-08-01,FR,3.42,2.674,0.746,0.016999999999999904,0.006557438524302186
2025-09-01,FR,3.51,2.693,0.8169999999999997,0.07099999999999973,0.03372437298651122
2025-10-01,FR,3.44,2.617,0.823,0.006000000000000227,0.03478984526170416
2025-11-01,FR,3.44,2.657,0.7829999999999999,-0.040000000000000036,0.055770362499568876
2025-12-01,FR,3.56,2.813,0.7469999999999999,-0.03600000000000003,0.025482019804821985
2026-01-01,FR,3.53,2.807,0.7229999999999999,-0.02400000000000002,0.008326663997864442
2026-02-01,FR,3.4,2.744,0.6559999999999997,-0.06700000000000017,0.022188585654190192
2019-01-01,GR,4.21,0.13,4.08,,
2019-02-01,GR,3.84,0.06,3.78,-0.30000000000000027,
2019-03-01,GR,3.76,0.01,3.75,-0.029999999999999805,0.19091883092036815
2019-04-01,GR,3.42,-0.04,3.46,-0.29000000000000004,0.153079500042734
2019-05-01,GR,3.37,-0.13,3.5,0.040000000000000036,0.17387735140993307
2019-06-01,GR,2.67,-0.31,2.98,-0.52,0.28148416178061125
2019-07-01,GR,2.16,-0.39,2.5500000000000003,-0.4299999999999997,0.30072135496724084
2019-08-01,GR,1.98,-0.65,2.63,0.07999999999999963,0.3235737937472684
2019-09-01,GR,1.5,-0.59,2.09,-0.54,0.3308070938376823
2019-10-01,GR,1.34,-0.47,1.81,-0.2799999999999998,0.3113411847689496
2019-11-01,GR,1.36,-0.35,1.71,-0.10000000000000009,0.22120880030716072
2019-12-01,GR,1.42,-0.3,1.72,0.010000000000000009,0.14640127503998493
2020-01-01,GR,1.34,-0.31,1.6500000000000001,-0.06999999999999984,0.05686240703077347
2020-02-01,GR,1.07,-0.47,1.54,-0.1100000000000001,0.06110100926607807
2020-03-01,GR,1.97,-0.54,2.51,0.9699999999999998,0.6123180001709351
2020-04-01,GR,2.05,-0.45,2.5,-0.009999999999999787,0.5967690787342564
2020-05-01,GR,1.93,-0.516,2.4459999999999997,-0.05400000000000027,0.5789231382489388
2020-06-01,GR,1.32,-0.434,1.754,-0.6919999999999997,0.38168573460374416
2020-07-01,GR,1.14,-0.523,1.6629999999999998,-0.09100000000000019,0.35814661802116704
2020-08-01,GR,1.08,-0.522,1.602,-0.06099999999999972,0.3559639494855247
2020-09-01,GR,1.08,-0.524,1.604,0.0020000000000000018,0.047465777145223036
2020-10-01,GR,0.9,-0.607,1.5070000000000001,-0.09699999999999998,0.050109879265469885
2020-11-01,GR,0.75,-0.614,1.3639999999999999,-0.14300000000000024,0.0740967835559231
2020-12-01,GR,0.63,-0.618,1.248,-0.11599999999999988,0.023115651263446974
2021-01-01,GR,0.65,-0.583,1.233,-0.014999999999999902,0.06747098141670473
2021-02-01,GR,0.81,-0.446,1.256,0.02299999999999991,0.07184010022264696
2021-03-01,GR,0.91,-0.364,1.274,0.018000000000000016,0.0206478408879309
2021-04-01,GR,0.88,-0.325,1.205,-0.06899999999999995,0.05173329037798878
2021-05-01,GR,0.99,-0.223,1.213,0.008000000000000007,0.047606022028030326
2021-06-01,GR,0.81,-0.288,1.098,-0.11499999999999999,0.06214767359550397
2021-07-01,GR,0.7,-0.45,1.15,0.051999999999999824,0.0865582655402319
2021-08-01,GR,0.59,-0.539,1.129,-0.020999999999999908,0.08371977066380414
2021-09-01,GR,0.8,-0.363,1.163,0.03400000000000003,0.038030689361794504
2021-10-01,GR,0.96,-0.206,1.166,0.0029999999999998916,0.027574142476844383
2021-11-01,GR,1.22,-0.312,1.532,0.3660000000000001,0.2012270690869729
2021-12-01,GR,1.29,-0.383,1.673,0.14100000000000001,0.18322936445886628
2022-01-01,GR,1.62,-0.115,1.735,0.062000000000000055,0.15773500985302333
2022-02-01,GR,2.46,0.15,2.31,0.575,0.27621428879283805
2022-03-01,GR,2.61,0.282,2.328,0.017999999999999794,0.30966487261769515
2022-04-01,GR,2.89,0.745,2.145,-0.18299999999999983,0.39268604932354456
2022-05-01,GR,3.54,0.953,2.587,0.44200000000000017,0.31906164503639944
2022-06-01,GR,3.93,1.446,2.484,-0.1030000000000002,0.34011027623404744
2022-07-01,GR,3.38,1.082,2.298,-0.18599999999999994,0.34114952733369
2022-08-01,GR,3.46,1.033,2.427,0.129,0.16326767387738852
2022-09-01,GR,4.44,1.796,2.644,0.21700000000000008,0.2118875487925926
2022-10-01,GR,4.87,2.186,2.684,0.040000000000000036,0.08850047080854052
2022-11-01,GR,4.42,2.066,2.354,-0.33000000000000007,0.2791170602692235
2022-12-01,GR,4.22,2.085,2.135,-0.2190000000000003,0.18986925325953466
2023-01-01,GR,4.29,2.192,2.098,-0.03699999999999992,0.14792678369157258
2023-02-01,GR,4.26,2.37,1.8899999999999997,-0.20800000000000018,0.10205064102362767
2023-03-01,GR,4.29,2.383,1.907,0.017000000000000348,0.11746063170271141
2023-04-01,GR,4.22,2.359,1.8609999999999998,-0.04600000000000026,0.11607325273291863
2023-05-01,GR,3.98,2.341,1.6389999999999998,-0.22199999999999998,0.1238722460171499
2023-06-01,GR,3.71,2.377,1.3330000000000002,-0.3059999999999996,0.13268509084796676
2023-07-01,GR,3.85,2.457,1.3930000000000002,0.06000000000000005,0.1917185437040452
2023-08-01,GR,3.88,2.545,1.335,-0.058000000000000274,0.18680827961665186
2023-09-01,GR,4.08,2.66,1.42,0.08499999999999996,0.07637407937251985
2023-10-01,GR,4.3,2.823,1.4769999999999999,0.05699999999999994,0.0757825837511493
2023-11-01,GR,3.88,2.602,1.278,-0.19899999999999984,0.15651198037211048
2023-12-01,GR,3.28,2.101,1.1789999999999998,-0.0990000000000002,0.12901679477235992
2024-01-01,GR,3.29,2.175,1.1150000000000002,-0.06399999999999961,0.07005949852327853
2024-02-01,GR,3.45,2.331,1.1190000000000002,0.0040000000000000036,0.05237365750069334
2024-03-01,GR,3.37,2.349,1.021,-0.09800000000000031,0.05193585787616557
2024-04-01,GR,3.49,2.446,1.044,0.02300000000000013,0.06507175526550124
2024-05-01,GR,3.55,2.518,1.032,-0.01200000000000001,0.06226556030423202
2024-06-01,GR,3.65,2.484,1.166,0.1339999999999999,0.07622554252567343
2024-07-01,GR,3.5,2.458,1.0419999999999998,-0.12400000000000011,0.12937284619785275
2024-08-01,GR,3.31,2.208,1.1019999999999999,0.06000000000000005,0.13285079349907275
2024-09-01,GR,3.19,2.166,1.024,-0.07799999999999985,0.09575663597544178
2024-10-01,GR,3.16,2.228,0.9319999999999999,-0.09200000000000008,0.084007936133042
2024-11-01,GR,3.19,2.305,0.8849999999999998,-0.04700000000000015,0.023028967265886238
2024-12-01,GR,3.05,2.178,0.8719999999999999,-0.0129999999999999,0.0396274315762865
2025-01-01,GR,3.35,2.484,0.8660000000000001,-0.005999999999999783,0.02193171219945983
2025-02-01,GR,3.29,2.405,0.8850000000000002,0.019000000000000128,0.016822603841258513
2025-03-01,GR,3.6,2.741,0.859,-0.026000000000000245,0.02254624876411301
2025-04-01,GR,3.44,2.511,0.9289999999999998,0.06999999999999984,0.048031239834090564
2025-05-01,GR,3.37,2.562,0.8080000000000003,-0.12099999999999955,0.0955004362991772
2025-06-01,GR,3.29,2.52,0.77,-0.038000000000000256,0.09577229940506392
2025-07-01,GR,3.36,2.631,0.7290000000000001,-0.040999999999999925,0.04707794954469907
2025-08-01,GR,3.37,2.674,0.6960000000000002,-0.03299999999999992,0.004041451884318408
2025-09-01,GR,3.39,2.693,0.6970000000000001,0.0009999999999998899,0.02230097157823523
2025-10-01,GR,3.3,2.617,0.6829999999999998,-0.014000000000000234,0.017039170558840487
2025-11-01,GR,3.3,2.657,0.6429999999999998,-0.040000000000000036,0.020744477176666998
2025-12-01,GR,3.44,2.813,0.6269999999999998,-0.016000000000000014,0.014468356276137882
2026-01-01,GR,3.43,2.807,0.6230000000000002,-0.0039999999999995595,0.01833030277982157
2026-02-01,GR,3.39,2.744,0.6459999999999999,0.022999999999999687,0.019974984355436116
2019-01-01,IT,2.77,0.13,2.64,,
2019-02-01,IT,2.812,0.06,2.752,0.11199999999999966,
2019-03-01,IT,2.69,0.01,2.68,-0.07199999999999962,0.13010764773832423
2019-04-01,IT,2.618,-0.04,2.658,-0.02200000000000024,0.09514199913813005
2019-05-01,IT,2.644,-0.13,2.774,0.1160000000000001,0.09737213838328355
2019-06-01,IT,2.284,-0.31,2.594,-0.18000000000000016,0.14811256980193602
2019-07-01,IT,1.654,-0.39,2.044,-0.5499999999999998,0.3336844817088941
2019-08-01,IT,1.404,-0.65,2.054,0.009999999999999787,0.2847806173179626
2019-09-01,IT,0.902,-0.59,1.492,-0.5619999999999998,0.3268353306075296
2019-10-01,IT,1.004,-0.47,1.474,-0.018000000000000016,0.3224655020308372
2019-11-01,IT,1.266,-0.35,1.616,0.14200000000000013,0.3690420030294653
2019-12-01,IT,1.37,-0.3,1.6700000000000002,0.05400000000000005,0.08013322240702175
2020-01-01,IT,1.275,-0.31,1.585,-0.08500000000000019,0.11445086281894037
2020-02-01,IT,0.955,-0.47,1.4249999999999998,-0.16000000000000014,0.10858330135584042
2020-03-01,IT,1.551,-0.54,2.091,0.6660000000000004,0.4567825886932792
2020-04-01,IT,1.799,-0.45,2.249,0.15799999999999992,0.41662613136160026
2020-05-01,IT,1.762,-0.516,2.278,0.028999999999999915,0.33676747665612444
2020-06-01,IT,1.455,-0.434,1.889,-0.389,0.2859411361335286
2020-07-01,IT,1.196,-0.523,1.7189999999999999,-0.17000000000000015,0.20907972960890578
2020-08-01,IT,1.032,-0.522,1.554,-0.1649999999999998,0.12790751867397468
2020-09-01,IT,0.981,-0.524,1.505,-0.049000000000000155,0.06846166810704962
2020-10-01,IT,0.77,-0.607,1.377,-0.1279999999999999,0.05925369186810055
2020-11-01,IT,0.664,-0.614,1.278,-0.09899999999999998,0.03996248240537383
2020-12-01,IT,0.578,-0.618,1.196,-0.08200000000000007,0.023259406699222166
2021-01-01,IT,0.616,-0.583,1.1989999999999998,0.0029999999999998916,0.05464735431229171
2021-02-01,IT,0.59,-0.446,1.036,-0.1629999999999998,0.08300803173990533
2021-03-01,IT,0.704,-0.364,1.068,0.03200000000000003,0.10521565156065482
2021-04-01,IT,0.797,-0.325,1.122,0.05400000000000005,0.11944175707571088
2021-05-01,IT,0.984,-0.223,1.207,0.08499999999999996,0.026627053911385146
2021-06-01,IT,0.875,-0.288,1.163,-0.04400000000000004,0.06733745861950204
2021-07-01,IT,0.748,-0.45,1.198,0.03499999999999992,0.06504101270224155
2021-08-01,IT,0.628,-0.539,1.167,-0.030999999999999917,0.04235957192103275
2021-09-01,IT,0.777,-0.363,1.1400000000000001,-0.026999999999999913,0.03700450423033854
2021-10-01,IT,0.955,-0.206,1.161,0.020999999999999908,0.02893671255227767
2021-11-01,IT,1.01,-0.312,1.322,0.16100000000000003,0.09767974883942497
2021-12-01,IT,1.047,-0.383,1.43,0.10799999999999987,0.07068474611493734
2022-01-01,IT,1.346,-0.115,1.461,0.03100000000000014,0.06536818798161535
2022-02-01,IT,1.794,0.15,1.6440000000000001,0.18300000000000005,0.07600219295081648
2022-03-01,IT,1.854,0.282,1.572,-0.07200000000000006,0.1282822409117223
2022-04-01,IT,2.436,0.745,1.6909999999999998,0.11899999999999977,0.13266624790553605
2022-05-01,IT,2.99,0.953,2.0370000000000004,0.34600000000000053,0.2092582136978139
2022-06-01,IT,3.635,1.446,2.189,0.1519999999999997,0.12264719048283679
2022-07-01,IT,3.359,1.082,2.277,0.08800000000000008,0.1343478073261087
2022-08-01,IT,3.297,1.033,2.2640000000000002,-0.0129999999999999,0.08318854087753379
2022-09-01,IT,4.138,1.796,2.3419999999999996,0.0779999999999994,0.05565069631190422
2022-10-01,IT,4.532,2.186,2.346,0.004000000000000448,0.04838388161360935
2022-11-01,IT,4.243,2.066,2.1770000000000005,-0.1689999999999996,0.12676355943251083
2022-12-01,IT,4.257,2.085,2.1719999999999997,-0.005000000000000782,0.09738754198219136
2023-01-01,IT,4.243,2.192,2.051,-0.12099999999999955,0.08431686268673089
2023-02-01,IT,4.27,2.37,1.8999999999999995,-0.1510000000000007,0.07710598766200394
2023-03-01,IT,4.24,2.383,1.8570000000000002,-0.04299999999999926,0.05574943945906435
2023-04-01,IT,4.234,2.359,1.875,0.017999999999999794,0.08558231904624461
2023-05-01,IT,4.313,2.341,1.9719999999999995,0.09699999999999953,0.0701925922017397
2023-06-01,IT,4.074,2.377,1.697,-0.27499999999999947,0.19599064603529665
2023-07-01,IT,4.157,2.457,1.7000000000000002,0.0030000000000001137,0.1934356051334215
2023-08-01,IT,4.221,2.545,1.6760000000000002,-0.02400000000000002,0.15330470747284006
2023-09-01,IT,4.513,2.66,1.8529999999999998,0.1769999999999996,0.10909170454255342
2023-10-01,IT,4.885,2.823,2.062,0.20900000000000007,0.1263025468204547
2023-11-01,IT,4.428,2.602,1.826,-0.23599999999999977,0.2481995165184649
2023-12-01,IT,3.821,2.101,1.7200000000000002,-0.10599999999999987,0.2288194339065918
2024-01-01,IT,3.811,2.175,1.6360000000000001,-0.08400000000000007,0.08214621111165014
2024-02-01,IT,3.872,2.331,1.541,-0.0950000000000002,0.010999999999991702
2024-03-01,IT,3.696,2.349,1.347,-0.19399999999999995,0.060583276020145516
2024-04-01,IT,3.856,2.446,1.4099999999999997,0.06299999999999972,0.12962381468439013
2024-05-01,IT,3.844,2.518,1.326,-0.08399999999999963,0.12894313992350703
2024-06-01,IT,3.942,2.484,1.4580000000000002,0.13200000000000012,0.11032225523438051
2024-07-01,IT,3.83,2.458,1.3719999999999999,-0.0860000000000003,0.12528899925106424
2024-08-01,IT,3.682,2.208,1.4739999999999998,0.10199999999999987,0.11815808619528845
2024-09-01,IT,3.565,2.166,1.399,-0.07499999999999973,0.10550987315570594
2024-10-01,IT,3.501,2.228,1.2729999999999997,-0.12600000000000033,0.1196620240510741
2024-11-01,IT,3.569,2.305,1.2639999999999998,-0.008999999999999897,0.05866003750424863
2024-12-01,IT,3.321,2.178,1.1430000000000002,-0.12099999999999955,0.06615386106141628
2025-01-01,IT,3.676,2.484,1.1920000000000002,0.04899999999999993,0.08641759080187197
2025-02-01,IT,3.575,2.405,1.1700000000000004,-0.021999999999999797,0.0853834488254786
2025-03-01,IT,3.887,2.741,1.146,-0.024000000000000465,0.04158124577258164
2025-04-01,IT,3.712,2.511,1.201,0.05500000000000016,0.04504442251821917
2025-05-01,IT,3.629,2.562,1.0670000000000002,-0.1339999999999999,0.0949227756301572
2025-06-01,IT,3.501,2.52,0.9809999999999999,-0.0860000000000003,0.09823950325607235
2025-07-01,IT,3.537,2.631,0.9060000000000001,-0.07499999999999973,0.03137408697210426
2025-08-01,IT,3.538,2.674,0.8639999999999999,-0.04200000000000026,0.022898325994123718
2025-09-01,IT,3.559,2.693,0.8660000000000001,0.002000000000000224,0.03863073042712455
2025-10-01,IT,3.442,2.617,0.8250000000000002,-0.040999999999999925,0.025119713374157818
2025-11-01,IT,3.459,2.657,0.802,-0.02300000000000013,0.02159475244899027
2025-12-01,IT,3.552,2.813,0.7389999999999999,-0.06300000000000017,0.02003330560175148
2026-01-01,IT,3.492,2.807,0.685,-0.053999999999999826,0.020984120980712163
2026-02-01,IT,3.388,2.744,0.6439999999999997,-0.04100000000000037,0.011060440015350335
2019-01-01,PT,1.665,0.13,1.5350000000000001,,
2019-02-01,PT,1.547,0.06,1.4869999999999999,-0.048000000000000265,
2019-03-01,PT,1.317,0.01,1.307,-0.17999999999999994,0.09333809511662404
2019-04-01,PT,1.18,-0.04,1.22,-0.08699999999999997,0.06781592733274376
2019-05-01,PT,1.022,-0.13,1.1520000000000001,-0.06799999999999984,0.05993607705992558
2019-06-01,PT,0.586,-0.31,0.8959999999999999,-0.2560000000000002,0.10349396117648624
2019-07-01,PT,0.443,-0.39,0.833,-0.06299999999999994,0.11001363551851218
2019-08-01,PT,0.173,-0.65,0.823,-0.010000000000000009,0.12946943011125586
2019-09-01,PT,0.204,-0.59,0.7939999999999999,-0.029000000000000026,0.026851443164195063
2019-10-01,PT,0.187,-0.47,0.657,-0.1369999999999999,0.06850060826980535
2019-11-01,PT,0.349,-0.35,0.699,0.041999999999999926,0.09013508380943192
2019-12-01,PT,0.407,-0.3,0.707,0.008000000000000007,0.09506313691436855
2020-01-01,PT,0.37,-0.31,0.6799999999999999,-0.027000000000000024,0.034501207708329956
2020-02-01,PT,0.247,-0.47,0.717,0.03700000000000003,0.032046840717924074
2020-03-01,PT,0.706,-0.54,1.246,0.529,0.3042192192043976
2020-04-01,PT,0.968,-0.45,1.418,0.17199999999999993,0.2542105426609998
2020-05-01,PT,0.808,-0.516,1.324,-0.09399999999999986,0.31260571545212235
2020-06-01,PT,0.527,-0.434,0.9610000000000001,-0.363,0.26750140186548554
2020-07-01,PT,0.4,-0.523,0.923,-0.038000000000000034,0.17374406464682474
2020-08-01,PT,0.355,-0.522,0.877,-0.04600000000000004,0.18537259775921575
2020-09-01,PT,0.319,-0.524,0.843,-0.03400000000000003,0.006110100926609117
2020-10-01,PT,0.177,-0.607,0.784,-0.05899999999999994,0.012503332889007946
2020-11-01,PT,0.072,-0.614,0.6859999999999999,-0.09800000000000009,0.032254198693090326
2020-12-01,PT,0.027,-0.618,0.645,-0.040999999999999925,0.029137604568667253
2021-01-01,PT,0.027,-0.583,0.61,-0.03500000000000003,0.03477067730142769
2021-02-01,PT,0.162,-0.446,0.608,-0.0020000000000000018,0.021000000000000414
2021-03-01,PT,0.232,-0.364,0.596,-0.01200000000000001,0.016921386861996658
2021-04-01,PT,0.349,-0.325,0.6739999999999999,0.07799999999999996,0.049328828623162686
2021-05-01,PT,0.53,-0.223,0.753,0.07900000000000007,0.05225259164226557
2021-06-01,PT,0.43,-0.288,0.718,-0.03500000000000003,0.06553116307020167
2021-07-01,PT,0.274,-0.45,0.724,0.006000000000000005,0.05774368652357903
2021-08-01,PT,0.143,-0.539,0.682,-0.041999999999999926,0.02592939130279289
2021-09-01,PT,0.258,-0.363,0.621,-0.061000000000000054,0.03453018003621401
2021-10-01,PT,0.393,-0.206,0.599,-0.02200000000000002,0.019502136635080564
2021-11-01,PT,0.389,-0.312,0.7010000000000001,0.10200000000000009,0.08511364951248049
2021-12-01,PT,0.355,-0.383,0.738,0.03699999999999992,0.0620241888298431
2022-01-01,PT,0.581,-0.115,0.696,-0.04200000000000004,0.07211333672305954
2022-02-01,PT,1.059,0.15,0.9089999999999999,0.21299999999999997,0.1305386277441791
2022-03-01,PT,1.155,0.282,0.873,-0.03599999999999992,0.1455231940276189
2022-04-01,PT,1.761,0.745,1.016,0.14300000000000002,0.12841469282497758
2022-05-01,PT,2.137,0.953,1.1840000000000002,0.16800000000000015,0.11126694627486351
2022-06-01,PT,2.65,1.446,1.204,0.019999999999999796,0.07922331306713568
2022-07-01,PT,2.26,1.082,1.1779999999999997,-0.026000000000000245,0.10137060717979382
2022-08-01,PT,2.158,1.033,1.125,-0.052999999999999714,0.03690979996333401
2022-09-01,PT,2.892,1.796,1.0959999999999999,-0.029000000000000137,0.014798648586948878
2022-10-01,PT,3.264,2.186,1.0779999999999998,-0.018000000000000016,0.017897858344878573
2022-11-01,PT,3.021,2.066,0.9550000000000001,-0.12299999999999978,0.05770904030854545
2022-12-01,PT,3.103,2.085,1.0180000000000002,0.06300000000000017,0.09325770745627411
2023-01-01,PT,3.132,2.192,0.94,-0.07800000000000029,0.09704122835166515
2023-02-01,PT,3.274,2.37,0.9039999999999999,-0.03600000000000003,0.07239475119095336
2023-03-01,PT,3.27,2.383,0.887,-0.016999999999999904,0.031214312956292248
2023-04-01,PT,3.203,2.359,0.8439999999999999,-0.04300000000000015,0.013453624047074187
2023-05-01,PT,3.158,2.341,0.8169999999999997,-0.027000000000000135,0.013114877048604494
2023-06-01,PT,3.093,2.377,0.7160000000000002,-0.10099999999999953,0.03893584466786331
2023-07-01,PT,3.231,2.457,0.774,0.05799999999999983,0.07956339191696954
2023-08-01,PT,3.305,2.545,0.7600000000000002,-0.01399999999999979,0.07961783719745193
2023-09-01,PT,3.446,2.66,0.786,0.0259999999999998,0.03607399802258317
2023-10-01,PT,3.586,2.823,0.7629999999999999,-0.02300000000000013,0.02608320021265297
2023-11-01,PT,3.301,2.602,0.6990000000000003,-0.06399999999999961,0.04505922029211466
2023-12-01,PT,2.855,2.101,0.754,0.054999999999999716,0.06045108215187969
2024-01-01,PT,2.965,2.175,0.79,0.03600000000000003,0.06392964883369823
2024-02-01,PT,3.062,2.331,0.7309999999999999,-0.05900000000000016,0.06107645481962216
2024-03-01,PT,3.017,2.349,0.6679999999999997,-0.06300000000000017,0.056038677119765734
2024-04-01,PT,3.135,2.446,0.6889999999999996,0.020999999999999908,0.04738494838377843
2024-05-01,PT,3.164,2.518,0.6460000000000004,-0.04299999999999926,0.04387862045841156
2024-06-01,PT,3.187,2.484,0.7029999999999998,0.056999999999999496,0.05064911976859305
2024-07-01,PT,3.099,2.458,0.641,-0.06199999999999983,0.06392964883369802
2024-08-01,PT,2.875,2.208,0.6669999999999998,0.0259999999999998,0.06173329733620239
2024-09-01,PT,2.778,2.166,0.6120000000000001,-0.054999999999999716,0.04891148467725468
2024-10-01,PT,2.732,2.228,0.504,-0.1080000000000001,0.0674858009757114
2024-11-01,PT,2.789,2.305,0.484,-0.020000000000000018,0.04430575583375158
2024-12-01,PT,2.684,2.178,0.5060000000000002,0.02200000000000024,0.06634254542398386
2025-01-01,PT,2.959,2.484,0.4750000000000001,-0.03100000000000014,0.02797022226106464
2025-02-01,PT,2.953,2.405,0.548,0.07299999999999995,0.05200320502943404
2025-03-01,PT,3.292,2.741,0.5509999999999997,0.0029999999999996696,0.053028294334251616
2025-04-01,PT,3.114,2.511,0.6029999999999998,0.052000000000000046,0.035921210076128605
2025-05-01,PT,3.077,2.562,0.5150000000000001,-0.08799999999999963,0.07104224095564542
2025-06-01,PT,3.023,2.52,0.5030000000000001,-0.01200000000000001,0.07008566187174084
2025-07-01,PT,3.105,2.631,0.4740000000000002,-0.028999999999999915,0.039887341350358166
2025-08-01,PT,3.12,2.674,0.4460000000000002,-0.028000000000000025,0.00953939201416996
2025-09-01,PT,3.133,2.693,0.43999999999999995,-0.006000000000000227,0.013000000000000247
2025-10-01,PT,3.021,2.617,0.4039999999999999,-0.03600000000000003,0.015534906930308272
2025-11-01,PT,3.025,2.657,0.3679999999999999,-0.03600000000000003,0.01732050807568894
2025-12-01,PT,3.146,2.813,0.33299999999999974,-0.03500000000000014,0.0005773502691895622
2026-01-01,PT,3.185,2.807,0.3780000000000001,0.04500000000000037,0.04647938611183842
2026-02-01,PT,3.127,2.744,0.38299999999999956,0.004999999999999449,0.04000000000000026
